Tweets,Likes,Target
"A million Russians have signed a petition in opposition to the war. This sentiment must be turned into a mass movement. This means school walk-outs, workers walking-out, striking &amp; halting production, and a brave and defiant tsunami wave of protests in every town and city.",1,1
Monetize your tsunami through trapping,0,0
"@regina_bateson you live in a papier mache reality. Stone cold denial, and a torrential tsunami of retribution has arrived. Time's up. #whitefragility",0,0
"Penn State ran into the offensive tsunami Sunday that #Nebraska fans — and coaches — had been waiting to see. The Huskers shot 58% from the field (best under Hoiberg), 65% from 3 (best under Hoiberg) and built the lead as high as 31.

From @JimmyWatkins95:
https://t.co/lzswn9oGQs",1,0
@jencyjac @govindethiraj First to go in a tsunami or a tidal wave.,0,0
@garethkett @FlatSlugbrains @MichaelSteidel @JMichaelsonUT @PearSpheroid @RealAceFox1 @luccaskunk @DoubleDoubleJon @Tsunami_64 @FlerfsAreMorons @watermole6 @StevenW44946909 @TakeThatEarth2 @IanABoulton @badibulgator @carlos_castillo @PhuketWord @MrPropaGa,0,0
Everytime I think about how hard Finana popped singing Tsunami 😳,0,0
Have you heard ‘Tsunami’ by @naxisdgofficial on #SoundCloud? #np https://t.co/xKy6GLQnDj,1,0
"USGS reports a M0.6 earthquake, 30 km SE of Mina, Nevada on 2/28/22 @ 13:09:04 UTC https://t.co/i5XKm4Z2TR #earthquake",0,1
"1.90 magnitude earthquake occurred at Copper River, AK, United States on 2022-02-28 13:03:32 UTC
Map: https://t.co/KOaHWagMCH
#earthb0t #earthquake  #CopperRiver #AK #UnitedStates #noaa #greatshakeout #LetsBeSafe #OpenData #data https://t.co/F9i7hJXbeD",0,1
There was an earthquake in #Raleigh at 8:01am this morning strong enough to shake furniture.,1,1
"@sjgelman Every earthquake. I'm a bad person, but reasonable Human Being.",1,0
"USGS reports a M1.9 earthquake, 48 km SSE of Nelchina, Alaska on 2/28/22 @ 13:03:32 UTC https://t.co/hc3Zjea1kV #earthquake",0,1
4.1 earthquake rattles Los Angeles and Ventura County residents https://t.co/6jdkcSje5J,0,1
"1.9 magnitude #earthquake. 50 km from #Valdez, AK, United States https://t.co/UCUBir86Q2",3,1
"Chappelle's Home Team - Earthquake: Legendary (2022) 36m [TV-MA] Earthquake shakes up the stage with his takes on ""health is wealth,"" prostate exams and one particularly lengthy celebrity funeral.... https://t.co/dPkn9rG4iK",0,1
"In 2011, they debuted in JP with BTD. He said there's a behind to this. Apparently they had to have a concert first before the album release as there was an earthquake in Japan? So they had a 2nd Invasion concert in Japan first and then the BTD JP album later on",3,1
"@HkonMk My boarding school was right beside the epicenter of a 6.8 earthquake and one of the buildings was partially destroyed.

Whenever i have anxiety (or whenever i want to skip class) i go into that building and chow down on some snacks since no one g",1,1
"@murakucofficiel According to some historians, the top of this Tower was destroyed by the great 1755 Lisbon earthquake.",1,1
"13:02 Last UK Earthquake Fri, 25 Feb 2022 23:37:15 ; Location: DUFTON,CUMBRIA ; Lat/long: 54.624,-2.417 ;  Magnitude:  1.1",0,1
"It occurred on February 28, 2001, and lasted nearly a minute. The earthquake had a moment magnitude of 6.8. 

https://t.co/pZtJBFbD6U

#Nisqually #2001 #Earthquake #Preparedness #EarthquakeHistory #EarthquakeAwareness #NisquallyEarthquake #Seattle #Washington https://t.co/hr7nQrbZPq",0,1
A ripped up UK road could cost millions to repair after mysterious underground movements left it so warped it looks like it was been hit by an earthquake. https://t.co/IfxLgumQWQ,1,1
5.8 mag. earthquake in Chile 🇨🇱,0,1
"that day earthquake, today snow, tmrw sunrise west 👀",0,1
"Qiao Ling! In the news, a lot of people died from the big earthquake last midnight! Would my mom and dad be there? Would they be in the earthquake and never come back?",0,1
Yo mama so fat that she baptized the earthquake unfortunately but Yo mama so fat so she collapsed the Red Sea with the whales entirely,0,0
"#war isn't a sudden phenomenon like an earthquake. It brews &amp; then happens.Why couldn't Indian government issue urgent advisory or evacuate citizens from #Ukraine before hand, &amp; not leave them stranded on borders in a war situation. Simple essential step. #UkraineRussiaWar",0,0
Earthquake special only 30 minutes,0,0
earthquake a funny ass motherfucker i wish i seen this dude sooner,0,0
"""It's not an earthquake. It's a yawn. 😐""",2,0
"5.7 magnitude earthquake 69 km from Arauco, Biobío, Chile
11 hours ago
UTC time: Monday, February 28, 2022 01:15 AM
Your time: Sunday, February 27, 2022, 5:15 PM PST
Magnitude Type: mww
USGS page: M 5.7 - 69 km WNW of Arauco, Chile
USGS status: Reviewed by a seismologist",0,1
"6.3 magnitude earthquake
6 days ago
UTC time: Monday, February 21, 2022 23:24 PM
Your time: Monday, February 21, 2022, 3:24 PM PST
Magnitude Type: mww
USGS page: M 6.3 - Balleny",0,1
Wiltshire road resembles earthquake site due to unexplained underground movements https://t.co/YxwkA3NOLp via @YahooNews,2,1
IPO mania: San Francisco braces for ‘earthquake’ of new tech millionaires https://t.co/WFZG9jZTlY #Malta #Taxi #Chauffeur https://t.co/iuKJoZRRyN,0,1
"Mb 4 earthquake (reviewed) occured at 2022-02-27T22:52:39 UTC, 15 km SE of Puente Alto, Chile https://t.co/5issQQFHyf",0,1
"Oh, it's you! I've found you! (when finding King Julien on the volcano)",0,0
@KatyJayne101 The volcano would spit her out,1,0
Photo Of Mayon Volcano Eruption Recounts A Forgotten Tale Of Two Lovers. https://t.co/uVRVHWREK1 https://t.co/JMKxTJfiNN,0,1
"At risk of being accused of being pro volcano, by @GeorgeMonbiot - this plan will just provoke volcanos everywhere. The results could be really, really bad. https://t.co/A6o3lbPahV",1,1
The Tonga underwater eruption is described as a one-of-a-kind volcanic occurrence. Find out how it stands out among the world’s other outbursts. #Science  https://t.co/BScJr5le5K,0,1
"Lived my entire life taking the subway and never thinking twice. Now, I don't want to be anywhere near it. This guy should just be tossed into an active volcano and forgotten. https://t.co/RRwyE4XkiZ",0,0
"Deep down temperature shifts give rise to eruptions | #Geology #GeologyPage #volcano 

The cataclysmic explosion of the Hunga Tonga-Hunga Ha’apai volcano in January is reported to have been the biggest eruption recorded anywhere on the planet in 30 years.

https://t.co/zpHZKcyYom",5,1
People said I was crazy for driving to Nevada….. but the things I saw…..  Capulin Volcano National Monument https://t.co/6NCIV1kCZP via @YouTube,0,0
"@KatyJayne101 Volcano would spit her out.
Far to dense matter.",1,0
@KatyJayne101 Let's throw her into a volcano anyway.,1,0
@PurexGFX I remember all the theories about the volcano exploding at the end of the season when the season first came out,1,0
"Our Volcano Arena is nearly completed! Just needs a couple touch ups and it'll be ready for some intense #PvP tournaments👀🔥 

Get ready! https://t.co/YFFmHTsuUX",0,0
@KatyJayne101 She'd find some way of coming out of the volcano dressed like a lava flow.,2,0
"Between Two Oceans Tour Continues - Indonesian Volcano Tour - Come Fly With Us, No Rules, Just Flight! #twitch #lordofsocks #MSFS #cessna #community #mentalhealth https://t.co/qXyIdW6Pty",1,0
@KatyJayne101 The volcano would freeze.,1,0
@KatyJayne101 Won't we then have a very angry volcano to deal with?,0,0
@KatyJayne101 I'd pity the volcano,2,0
@KatyJayne101 The volcano would probably spit her out,1,0
@KetanJ0 Love how people believe this. One volcano emits more than all of man's industrial age emissions. PS earth was greener with more * emissions* don't believe what they want you to believe.,1,0
"If we throw Liz Truss into a volcano might Putin call the whole thing off?

😂 😂",175,0
"Extreme heat has killed more people than any other natural disaster in Australia but experts say many deaths by “the silent killer” still go under the radar – even as they increase. https://t.co/NPVpeG88s5 #ClimateCrisis 
survivability liveability",0,1
"@MichaelEMann @kieranmulvaney @NatGeo Hi Michael, have you heard about the floods happening atm in Queensland and NSW. People are stuck on the roofs waiting to be rescued. Another unprecedented flood event. The media are saying a natural disaster!",0,1
@Gordon_DHG @Narvuntien @Mark_A_Lunn @rdqBlueRidge @RobMeekel @Canadianworker2 @IanDJbrown2 @alchap99 @insane_voice @MikeDel21893959 @thinks_about_it @rln_nelson @MarshallCd @philamina95 @NoelTurner194 @JoeShaw111 @TWTThisIsNow @ejwwest @borngeek @FD2you ,1,0
"@ggatehouse This is fascinating. Out of interest is there a ""leader in waiting""? If a natural (or other) disaster were to befall Putin does the Kremlin have an apparent plan?",13,0
"There are over 49 free open source resources for those working with children in the Juvenile Justice system from @nctsn including a toolkit for disaster preparedness. @iaem @TheWRAPEM 

https://t.co/XKNytcaXpN

Link to toolkit for disaster preparedness 

https://t.co/hiH041Z0fm",0,0
"Nice to see my body corporate pushing back on the sub par support we are getting from @OtisElevatorCo Australia.

Three weeks without elevators after a natural disaster, in a building with elderly and accessibility-hindered individuals is not OK.

Do better, Otis. 

#qldFloods",2,0
"The Pandemic is over, natural disaster could be the next agenda?

Will the Russians be blamed for it ?
Is this what this so called war is all about? 🤔🧐",0,0
@BottleOfScrumpe concerned over natural disaster but ignoring them with vidya (stalkererer)😎,0,0
@amazonnews Hey remember that time y’all worked warehouse employees to their deaths during a natural disaster?,0,1
Ginger the lava cat. A defiant survivor of the 2018 volcano eruption in Hawai’i. I saw many animals showing greater resilience than many humans in a natural disaster environment! Isn’t the natural world amazing? #nfts #cats #nature #wildlife #photojournalism https://t.co/xP23LxPmDf,5,1
"It's not a ""natural disaster"". It's a result of climate change exacerbating a natural hazard, decades of poor land use planning, plus insufficient investment in mitigation and preparedness.

Govt must work with community in renewal to build back better.

https://t.co/fOcNjcGjMh",0,1
@MitraMotamed Selfish power grabbing “idealists” around the world are causing more harm to the world citizens than any natural disaster. For whatever reasons they seem to think their way is best. They must be deranged in their thinking.,1,0
"Can confirm. While we're used to the big swings of drought and flood here in Australia, this latest natural disaster (still unfolding here as I write) was not foreseen. Not a cyclone or anything, just a year's rain in 2 days, and so far 8 are dead, and 5 billion in damage. https://t.co/3BtOCOwMwr",1,1
I would just really love to go more than two years without a natural disaster 🙃 https://t.co/opkWNhAklC,0,0
"Gotta say I'm not loving the ""death by nuclear war/death by climate change induced natural disaster"" choose-your-own-adventure story we're currently living",0,0
@emilycmulligan On top? We’ve not recovered from the natural disaster prefacing the pandemic,0,1
"""personal experiences of Lia Thomas"" talking about a trans athlete like she's a disease or natural disaster lol https://t.co/48uZq8YmNu",2,0
You are a natural! A natural disaster!! #Spikebot,0,0
"@RogerWaltersIII @CaslynSD @WendyRogersAZ Correct, the architect of things such as disease, natural disaster, genetic disorder, etc. would not be a just being.
Thankfully there is no such architect outside of mythology.",0,0
"March Can be Stormy Month

March. There’s something about this month. A lion and lamb thing, I think. 
— The Weather Channel https://t.co/U9ixAylusK https://t.co/NEJfvTEmms",0,0
"@mejenwalton @brendonme That's always been my impression. Even with the space weather resources, it feels like it's about as hit-or-miss as tornadoes often are.",1,0
"While severe weather season in Arkansas typically runs from March through May, do you know which month had the most tornadoes in 2021? It was December with 12 tornadoes.
#arwx https://t.co/U9PxZhyM5u",11,1
"Today's weather,    wind's calm... with a high air pressure it's sunny throughout the day but with some places there are mirages and tornadoes, so be careful of tornado attacks!",1,1
#Thunderstorms continue to evolve across the southern half of south america. GFS forecast soundings suggest that all severe hazards are possible with these storms including #tornadoes but #hail has been the biggest concern so far. #weather #wx https://t.co/sOBmRmb9O3,2,1
Just a reminder that this happened last March in Texas #StormChasing #Weather #Tornadoes https://t.co/wQNm72giAI,32,1
@chongsparks Icy planets are my favorite for this reason. They can be the prettiest planet and the most extreme weather. I have a mansion on a planet like that. It has tornadoes and lightning strikes. I’ve even had a meteor storm before.,1,0
": a heavy rain and severe weather threat is possible if not likely between March 5th through roughly the 15th. Potential is there for a significant multiple day risk with threats being: large hail, damaging winds, tornadoes, heavy rainfall, and flashflooding",1,0
"@RetiredOldGuy1 Starting to warm up! It's been fricken cold past few days &amp; the ocean winds blowing is chilly up the Ying yang! I know, I got my nerve complaining when others deal w/snow, ice, storms, tornadoes, etc., I know I'm lucky we normally have",1,1
"Severe thunderstorms produce lightning, large hail, damaging winds, funnel clouds, tornadoes, and flash flooding. Are you prepared this severe weather season? More info: https://t.co/JSSJC8321h #SWAW #SeverePrep #kswx #newx #cowx https://t.co/AgOrCUObwA",70,1
"Severe Weather Awareness Week in Kentucky starts tomorrow, but anytime is a good time to get ready for severe weather, like tornadoes and thunderstorms. Here's what YOU can do before, during and after severe storms. Get ready and stay safe. https://t.co/toJWCWma3J #kywx https://t.co/YFR3UITa9G",1,0
"@DrDestrooy I remember them gradually phasing those drills into tornado drills. I’ve had a fascination with weather from a young age. I remember seeing videos of tornadoes tossing cars like toys, and soon realized this desk is not protecting me from any",1,0
"The 2021 severe weather season brought 22 tornadoes to E #OKwx and NW #ARwx. None of the tornadoes observed were considered significant (EF-2 or greater) and thankfully, no fatalities occurred. #SWAW2022 https://t.co/TneNNE5eU3",21,1
"@NorfikMusic @Krisbouncesback It’s funny they aren’t ussually scary just startled. My cats got scared , I am most scared of tornadoes that is my weather fear 😳they look terrible.",1,1
New technology helps meteorologists track tornadoes at night https://t.co/nnFDRvMT7y,8,0
"Severe Weather Awareness Week in Arkansas runs from Feb 27th through March 5th. This is a good time to prepare for the severe weather season. Several topics will be covered in the coming days including flooding, lightning, tornadoes, severe storms and watches &amp; warnings. #arwx https://t.co/Z57VSt0KGt",21,1
"Ranking heat waves like hurricanes is being proposed in California. Heat waves are the deadliest weather disaster in the US. They account for nearly 150 fatalities per year, more than hurricanes and tornadoes combined. https://t.co/FIYfKCUVNr https://t.co/LyCQZMkWRU",0,1
"On this date in Weather History: Numerous tornadoes struck the region including a deadly F4 that hit Pike &amp; Daviess Co. IN way back on Feb 27, 1876. Meanwhile, back in 1984 there was a significant snowstorm that produced up to 20” of snow in Mt Vernon, IL: https://t.co/jlv5nWnpIE https://t.co/ZMjG1u3od7",1,1
"Make no mistake about it. The baddies be altering weather patterns fo long time. 
Artificial hurricanes, tornadoes. 

Wait for the tsunamis.

Release them and dump the good stuff.",0,0
"March 2021 was the 2nd most dangerous month for Severe Weather in 2021, behind December. 2 HIGH Risk events happened back to back. The first had a hard bust that rivaled the 5/20/19 bust, the 2nd verified with numerous violent tornadoes. https://t.co/iVZ5F1oWvn",11,1
Why March Is Usually A Busy Weather Month https://t.co/YASfYcTog2,1,0
"Three middle school science teachers reflect on their experience as community members affected by tornadoes and as teachers helping students better understand #ClimateScience while living through extreme weather events made more likely by #ClimateChange.

https://t.co/pkKIFvG2x8",3,0
"@RyanVoutilainen @ReedTimmerAccu BC has gotten an incredible weather year, I think it would have done very well! Tornadoes don't always perform the best on social/YouTube anyways.",1,0
@NZPChasers @ReedTimmerAccu Tho West Coast weather isn’t tornadoes and thunderstorms still thinking I need to start a YouTube channel. 🤔,0,0
I'm not going to pray for a cat tastrophe weather event that's going to kill a lot of people we seen what happened on December 11th 2021!!! It was Coast to Coast of weather storms and tornadoes,0,1
"@LucasKunceMO Maybe right.  But so far claims of ""Climate change–induced severe weather"" are not in evidence. For example, Biden's claim that tornado disasters are increasing due to man-caused ""climate change"" is false; strong tornadoes have actually be",0,0
"@weather_katie Miss Lake Effect? That's like saying, man do I miss tornadoes. I can't stand any more snow😭",0,0
"@X_Xur_4ng3lXD North America is actually rlly fucking boring. We don’t even get storms or tornadoes, just bipolar weather and snow LMFOAOA",0,0
"@AunyeaLachelle @HurricaneNBC10 All the best Glenn! It was always a pleasure working in the elements thru snow, hurricanes, tornadoes and rain storms knowing those lives shots was for your Nbc 10 weather forecasts. You have always been a team player over ",2,0
March Storms expected https://t.co/DLiYMbOozF,0,0
@mistybananas If you are in usa then weather spotting would be fun keeping an eye out for tornadoes since spring is coming.,0,0
"Did you pick your location based on weather events? Earthquakes, Hurricanes, Tornadoes, Blizzards, Flooding? I picked Blizzards. They're predictable 😄",0,0
Did you know? You can help reduce the impact of flying debris in your yard by using mulch as an alternative to rocks or gravel. Check out more severe weather tips here: https://t.co/oE6Nn3jvow. https://t.co/L3OEXxTpbM,0,0
@NatalieT_WxBSU Yes it is! We lucked out here in Middle TN for the most part as we only had three tornadoes in our CWA: https://t.co/J9q52qg2Rx,0,1
"Tennessee and Kentucky were each hit by the worst of weather extremes in the past year, with record deadly flooding and tornadoes. But in Tennessee, weather forecasters were partly flying blind. With @Caroline_Eggers and @WPLN:

https://t.co/WYPrV2tzNu",1,1
"@pwalk1121 Green energy. And backup civilization on mats. Then we will start controlling the weather to avoid tornadoes, lightning, hurricanes, volcanoes, and earthquakes.",1,0
"What a crazy and busy week we’ve had weather wise! Severe thunderstorm watches, tornado watches, tornado warnings, and then… winter storm watches/warnings, thundersleet, and an earthquake. 

Read more about the wild weather week here - https://t.co/bJUXBtlqmS #txwx #okwx https://t.co/bK6BXQWyZg",4,1
"@ssigafoos There are two climate change risks at play:
Severe weather crises
Long-term risk

Both have financial consequences that need to be considered for every area on the planet. 

For us in PA? Growing threat of tornadoes and hurricanes, flooding, pl",1,0
11/16 tornadoes remain in my #NFT TORNADOES #collection! 11 more stories of intense weather and storms await to be collected! Each tornado was an incredible experience that I was able to capture at close range. The floor price sits around 0.15 $eth!  https://t.co/Q5EI3BzaMU https://t.co/xgF2NiobPU,4,1
"Well, this explains a lot.  Huntsville is in the hot zone.  Locals are real skittish about the weather.  And a *lot* of homes are made of brick. (Look at the white spot on the mobile home map in North Alabama.) #Tornadoes #DixieAlley https://t.co/qbEqVceDQc",0,0
"Canada's worst weather over the last century

Northern exposure
Canada is known for its bone-chilling winters, but less so for raging wildfires, crippling droughts and fierce tornadoes. Nevertheless, the vast country experiences ma…https://t.co/wi3MbLIola https://t.co/kn2F6XTjTC",0,1
"@clydeechols @HDGregg @chiproytx Apr 25 EWE:  Millions of Americans brace for severe storms, flash floods and possible tornadoes this week. https://t.co/ftyXHcYQMW",0,1
"@weatherchannel something in between please 😭 warmer weather equals tornadoes for me but colder weather equals natural disaster, there is no in between here",0,1
"Ranking heat waves like hurricanes is being proposed in California
https://t.co/XHlLNf0DTr",0,0
"@bugwannostra Rapidly changing climate producing extreme weather has been predicted by meteorologists &amp; upper atmosphere physicists for decades.
Our #DefenseForce could be dedicated to assistance in emergencies as the
#floods
#fires
#droughts
#cylones",0,1
Ranking heat waves like hurricanes - CNN https://t.co/gEU6fDXqM7,0,0
Ranking heat waves like hurricanes is being proposed in California: CNN https://t.co/Mvof4BTcsd,0,0
"Legislation in California hopes to reduce heat-related deaths by ranking heat waves similarly to hurricanes, by using categories and names. However, the National Weather Service (NWS) is currently in a multiyear experiment to also categorize heat waves.
https://t.co/09LRUCBLot",0,0
@weatherchannel @JimCantore I learned a lot from The Weather Channel from 1988-1999. When the late John Hope was explaining hurricanes . I would take notes what he said when I was younger. I have 2 degrees that deal with the Earth Sciences. I am a weather,1,0
@flaco593 The weather is better in Miami ! Minus the hurricanes,0,0
"Ranking heat waves like hurricanes is being proposed in California
https://t.co/UWrV1UXCcC",0,0
Ranking heat waves like hurricanes is being proposed in California https://t.co/Bb8D4NNaXj https://t.co/fd39OILr5o,1,0
"@JulianAndrew63 Hopefully it was not lost on viewers that the shiny, happy, smiley liar almost conceded that “a flood worse than anything recorded (started 1880)”, (and on top of floods, bushfires, hurricanes, etc) was due to climate change, before cl",0,0
"During severe weather and hurricanes, we will provide nonstop weather updates as well as sometimes live coverage on YouTube!",0,0
"@MylezKen @MiguelAngelus33 @GretaThunberg Definitely, that is why I was referring to past weather events that have been directly related to climate change. To say all hurricanes are a result of climate change is wrong and is not backed up by science.",0,1
Ranking heat waves like hurricanes is being proposed in California via /r/weather https://t.co/UWWvmEQc6w,0,0
"@juliaioffe Having worked on #ClimateChange for 15 years, I hear you! I should be pleased #wildfires, #floods #hurricanes, #drought, record heat, peoples lives and livelihoods destroyed through #extreme weather, but must be v grateful it is leading to som",0,1
"@Tuscana107 @code_name_v @RonFilipkowski 🌎🌍🌏 Climate change causes more extremes in the weather, such as stronger hurricanes more often and life-threatening flooding.",3,1
@thegoodgodabove Hurricanes(No problem) Coronavirus(No problem)110°(No problem)Gigantic mosquitoes and flying cockroaches (No problem) Governor that is delusional Bad politics and skewed reality(no problem)Wearing masks to protect others(huge problem) 60,0,0
"Ranking heat waves like hurricanes is being proposed in California
https://t.co/UWrV1Vfd4a",0,0
@TheGRM1 @Ukraine Get a grip. I guess we should stop flying planes into hurricanes and stop launching weather satellites too.,4,0
"Ranking heat waves like hurricanes is being proposed in California
https://t.co/6YCcPRfSCv",37,0
"@armjamlee Why did they show a bunch of rubber CPR practice people hooked up to ventilators in hospitals to show how packed the beds were, why do the fake weather people pretend to brace against the wind in hurricanes, why do they spray poison us? https:/",1,0
"Ranking heat waves like hurricanes is being proposed in California

https://t.co/kYXuTxF2Nh",0,0
"New legislation in California hopes to reduce heat-related deaths by ranking heat waves similarly to hurricanes, by using categories and names. https://t.co/7aTAKrUGDY",0,1
Ranking heat waves like hurricanes is being proposed in California https://t.co/jSI2HtlYJR   CNN #TheDailyConsultant #Consulting #Strategy #Leadership #Management #Business #Operations #Advisory #Finance #Project #Policy #Process #CyberNews,0,0
"New legislation in California hopes to reduce heat-related deaths by ranking heat waves similarly to hurricanes, by using categories and names. https://t.co/9DiDBiUssD",308,0
"New legislation in California hopes to reduce heat-related deaths by ranking heat waves similarly to hurricanes, by using categories and names. https://t.co/jLwgcvL3rn",7,0
"@NWS @NOAA. Make it 1-5. Keep the same scale as Hurricanes. It's what Americans know.  

Ranking heat waves like hurricanes is being proposed in California

https://t.co/WOPOpkIbPS",0,0
"Ranking heat waves like hurricanes is being proposed in California

https://t.co/kYXuTxXc1p",0,0
"@this_mk @IanRicksecker The chaos, confusion and civil discourse is all part of his playbook, as stated in the thread. It’s the less obvious (to some) that goes unbridled and spreads like wildfire. Information warfare that played well on our stupidity, ",0,0
Fake footage of the Ukraine-Russia war is spreading like wildfire — here’s how to spot it https://t.co/YwVBdu42C9,0,1
Fake footage of the Ukraine-Russia war is spreading like wildfire — here’s how to spot it https://t.co/ETULgICa10,0,1
"Loved this episode a lot! I'm a huge LotR fan too so this is such a treat! Billy and Dom seem really nice and down-to-earth guys 🧡
#normalnotnormal @James_Phelps
@OliverPhelps https://t.co/yrZuG50iML",0,0
"Your food safety at risk. The recent bird flu is spreading like wildfire across the US. It's already reported in Canada, NY, IN, DE, KY,PA, &amp; VA. Tyson, Cargill &amp; Perdue are the largest producers of these genetically engineered birds, to the tune of 9 billion chicks a year.",0,1
People are spreading false information on social media like wildfire. It's very concerning. It's okay to brag about your chosen candidates' achievements as long as it's legit. Stop giving credits to the wrong person. Mura mog WTF!!!!!,0,0
Wildfire spreads in southeastern counties https://t.co/JjyLHCJVdV,0,0
"AWP WILDFIRE GA! (30$) 💸

🍌RETWEET &amp; FOLLOW!
🍌LIKE &amp; COMMENT (Proof): https://t.co/39BE9ioGkh

Picking a winner in 30 hours. The prize can be withdrawn in cash if wanted. Good luck! ❤️🔥 https://t.co/e3sa5iPerN",17,0
Here have this incorrect quote of the Wildfire gang while I work on stuff :) https://t.co/R4RD3PUNA4,9,0
"🌧️ Weather extremes are occurring 
🌡️ Extreme heat is killing and harming people across the world
🔥 increased exposure to wildfire smoke is leading to heart and breathing conditions
🤒 Diseases such as cholera are becoming more common",2,0
Wildflower Wildfire is definitely the song that leveled me up !,0,0
Eric didn't have to go off on wildfire like that😩,0,0
Fake footage of the Ukraine-Russia war is spreading like wildfire — here’s how to spot it https://t.co/tOHQNkdG8e,0,0
@PhantomVoodoo @AVindman Not true to stop a wildfire u do a controlled burn,0,1
#mind  Wanderlust &amp; wildfire,0,0
"Video of Trump from 2018 Spreads Like Wildfire, Proof He Wanted to Weaken Russia - NATO Did Nothing via @WestJournalism https://t.co/P7H7ZnRyV9",0,0
#quoteoftheday  Wanderlust &amp; wildfire,0,0
"UN Warning: The “Global Wildfire Crisis”
https://t.co/5Jgpd3x5s5 https://t.co/6XylhYPBHE",1,0
"@carlanderson333 Great tweet Carl. I fully agree. It's easy to tear down social media for it's numerous faults but when it comes to Social Action ""the word"" flies like wildfire w/ a simple tweet. We must focus on keeping the grid functioning for if they t",1,0
"@ClimateOpp In most developing countries, climate action is reduced to a simple accounting exercise. Carbon inventories and reduction the only focus. Yet, we bear the full brunt of impacts 60% loss of crops, record temps, dwindling rivers, wildfire and sm",0,0
#quoteoftheday  Wanderlust &amp; wildfire,0,0
"did you really think she was a tender flower you could trample upon, and damage her very soul? she is wildfire. and she is coming to devour you whole.",0,0
"@laurenboebert Sage-grouse are an indicator species, whose health reflects the overall condition of the sagebrush steppe. A functioning sagebrush country provides clean drinking water for Western communities, sequesters carbon, reduces wildfire intervals
",1,0
@EqualityCouple @Christo24572380 @DrNickels @Rosesdaughter61 @JSG_54 @AuntTritsy @soofriends @MoogieMonsters @Kkittten @stillhopes4best @jmkillingnyc @PithyPins @BonnieZ36975344 @Rachjr1 @morse_tami @rlamartini @RobertDRoseJr1 @Elianok10 @LindaSh84619011 ,2,0
"Firefighters relying on artificial intelligence to fight California wildfires 
#BreakingNews
#Weather
#Wildfires
#Drought
#FEMA 
#California
#CalFire 
#Greenville
#LosAngeles
#SanFrancisco
#WaterSupply
#BigSurFire
#Evacuations
https://t.co/aqRGWxmxaH",0,1
"ECOLOGICAL COMMENT: Midge-borne disease devastates bighorn sheep population in Grand Forks | Hot weather and drought have created ideal temperatures for the transmission of the Blu #ecology

https://t.co/g1De60qBAN",0,1
"Our weather is changing as a result of climate change. Nine(9) of the ten(10) warmest years on record have occurred in the last two decades; in summer 2019, after three years of drought, river levels fell so low that several streams vanished. Owing to Climate Change it is an... https://t.co/2U1oKASIDe",0,1
"IPCC report warns of ‘irreversible’ impacts of global warming.
If you're not sick of the word 'unprecedented', you will be soon.
More flooding rains, drought, extreme heat, extreme weather.
What we do in the next decade matters.
#IPCCReport #environment 
https://t.co/GbXwSN7uqP",0,0
"The #report by the #Intergovernmental Panel on #Climate Change (IPCC) found that up to 3.6 billion #people live in areas highly #vulnerable to climate change, largely from extreme #Heat, heavy #Rainfall, #drought and #weather setting the #STAGE for #fires.",0,1
"UN climate report: 'Atlas of human suffering' worse, bigger  (from @AP) https://t.co/nCn2uL9Jcz deadly heat, fires, floods and drought in future decades will degrade in 127 ways with some being “potentially irreversible.”",0,1
Over three billion people vulnerable to climate change: IPCC report https://t.co/UevQH0ha4y,0,0
"Climate Change report said if human-caused global warming isn’t limited to just another couple tenths of a degree,Earth now struck regularly by deadly heat, fires, floods,drought in future decades will degrade in 127 ways  “potentially irreversible. https://t.co/xXUlVaGWhk",0,1
"... Climate impacts - extreme weather, sea-level rise, drought etc - cause devastating &amp; costly loss &amp; damage. Hurricane Maria in 2016 cost Dominica 224% their GDP. Even if we keep warming to 1.5°C, GDP hit for vulnerable nations could be 13% pa by 2050... https://t.co/MTTjrOZBNh",0,1
"With millions of people living in areas with increasing drought and rising water costs, many are learning how to harvest rainwater. https://t.co/Q6gUuHWRku",5,0
"@RealMarkLatham Except, the new normal is extreme weather and is not limited to drought and bushfires. It includes floods &amp; cyclones and even record cold temperatures for that matter.

Meh, who cares, the climate doesn't GAF about wordsmithing.",7,0
"🔸Conflict
🔸Extreme weather
🔸Drought
🔸Economic downturn
🔸COVID-19

are pushing 45 million people to the brink of famine. Without humanitarian assistance, many lives will be lost.

We must scale up life-saving operations to prevent famine NOW. https://t.co/RLJ2qAT5Hm",27,0
"You have to love Australia 🇦🇺. In our National Anthem the words Drought’s and Flooding Rains, are our reminder. Check this Tic Toc video. Training for footy must always be very important! Lol 😝  https://t.co/rsqIX3YPGW",0,0
"The NSW Greens are shocking opportunists about the weather.
Two years ago Matt Kean and David Shoebridge said drought and bushfires were “the new normal” for summer.
Today in parliament they said it was the Lismore floods.
They really don’t know if they’re Arthur or Martha.",332,0
"Climate Scientists Advised the morrison government that inaction on Climate Change would result Australia's Climate experiencing more ""Short INTENSE Periods of Wet Weather plus Prolonged Periods of Dry Hot Weather &amp; Drought into the future"", morrison ignored this advice",0,1
"#ClimateChange science predicted increasing extremes in weather, from floods drought fire

Yet again in #SEQueensland &amp; #NorthernNSW its clearly the face of #GlobalWarming 

It’s predicted that in a generation or two, #Australias whole Eastern seaboard will be unliveable 
#auspol",3,0
@SueHigginson_ Weather events are not climate change. Do your research and you will see its always rained and drought since the dawn of time. Any weather person can explain that the rain is cyclical. Please don't be dumb,1,0
@7NewsBrisbane With both el nino and la nina weather patterns the impact of climate change is very apparant now with the dry causing more severe and destructive bushfires and drought and wet seasons leading to more destructive flooding and cyclones at the,0,1
"A new @Nature study led by @taimoorsohail_ shows changes in the H2O cycle—including fresher H2O shifting towards the poles—are intensifying weather events such as drought and floods. 

ACEAS story: https://t.co/xFXoilLPF0 

Paper: https://t.co/f88B4b0Rpt 

📸: Inés Álvarez Fdez https://t.co/IdqOUvAut9",17,1
[NEWS] Weather: some parts of Southland are heading for a drought: There's been no significant rainfall on Stewart Island for two months and NIWA says small areas in western Southland and northern Stewart Island are on the cusp of meteorological drought.,0,1
"People grandstanding at pressers about releasing water in advance forget it wasn’t long ago we were in the grip of drought and looking at water restrictions, and are making a false equivalency between dam operations and weather conditions in 2011 and 2022 #brisbanefloods",128,1
"Stewart Island and Western are the worst hit. The island hasn't had any significant rainfall for two months.

Weather: some parts of Southland are heading for a drought
Stuff/Southland Times
Rachael Kelly
12:24, Feb 28 2022

https://t.co/R0KYSLMlW9",0,1
"@TyrendarraBoy @pg0268 @RonniSalt @johnnol1 Well, THAT DIDN'T TAKE LONG!
Drought -climate change
Flood - climate change
Hot weather -climate change
Cold weather - climate change

Erectile dysfunction - CLIMATE CHANGE https://t.co/JEeGBIreJ4",0,0
There's been no significant rainfall on Stewart Island for two months and NIWA says small areas in western Southland and northern Stewart Island are on the cusp of meteorological drought. https://t.co/xSNsdF2IEB,1,1
Morally decent people will never forget the #Palestinian massacre of #Lebanese women and children at #Damour in their racist attempt to kill #Christians having failed like their #Nazi friends to exterminate #Jews  https://t.co/nQZJGSCK1P,0,1
"@NSutim @rilivadivuk Who said that i’m serb or i want to be serb, i would rather kill my self than be a serbian to kill and massacre people, i’m proud that i’m ALBANIAN who lives in Kosovo🇽🇰 country",0,0
Well Just half ass watched the new Texas Chainsaw Massacre on Netflix. Every big franchise movie now has obvious Tranny’s in them!! I was hollering for Leatherface like I would at a football game to kill these Tranny’s &amp; one of them survived 👎🤮 He cut one of their heads off👍🤗,0,1
"War is a massacre taking place between people who do not know each other..but they kill each other. For the benefit of people who know each other...but don't kill each other.
_ Paul Valery. #StopWarUkraine",0,0
"#SafmTalkingPoint Just like all others, Sobukwe's legacy is contested. Will Prof Zide cover some contested aspects of Sobukwe's legacy? What was Sobukwe's reaction to POQO and the Bashee River massacre. And what of the ""Kill the boer...kill the farmer"" chant @CathyMotlhatlhane",0,0
"@chadiusreborn Not yugoslavia m.f. but Genocide of serbia...did you know they massacre the kids, they rape the womans, they kill everything on 1995 and in 1999, if I will be Nato again I am will not just bomb, but I will nuke them... Also your greece made",0,1
"@SamRamani2 EUrope is always hostile towards Russia 🇷🇺. The sole purpose of creating NATO is to bully nations, to kill and massacre as it did with many Mid East and African nations. Russia is brave to challenge and raise his voice against evil US an",0,0
"@realism_fan @MaajidNawaz Oh come on don't be silly. 

Frst thing the Soviets did was storm the (illegitimate) govt's. palace &amp; kill the communist leader and massacre his family. https://t.co/KIIjWMPFfR

He had just turned the wrong kind of communist ",0,0
There is no way that our government can be silent about this attempted massacre if it's not the one who sent this JMPD hooligans to kill us. #JusticeForPastorMukhubaChurch https://t.co/BBAQ5HdGqf,12,1
"But for the Igbo, this comes after years of victimisation and the hands of Fulani ""herdsmen"" - ruthless and violent Boko-Haram-adjacent Muslim wildmen who kidnap, kill and raid with virtual impunity. 

Igbo, as Christians, are a viable target. https://t.co/cQuIVt2NFx",0,1
@seraphimgrl @icuresident @k4b1rrr @glambymykaila Oh so if I only kill one person it's not as bad as a massacre? It's still cheating what are you on,0,0
"War is a massacre taking place between people who do not know each other on behalf of others who know each other and do not kill each other.
#No_WAR #NoWar #NoWarInUkraine #NoNuclear",0,0
@GoddessJisoos Or they would rather just watch the people who are similar ethnicity kill each other because they manipulated them into this situation while throwing more weapons at them so they could massacre each other as much as possible while they watc,0,0
"In addition there is a group of American soldiers but they are quiet and still, because it makes you look prettier, it makes a lot of sense, then we will massacre them all, the Americans will kill Russians, Ukrainians, blacks, Slovaks, etc.",0,1
"Did anyone like the new Texas Chainsaw Massacre that's on Netflix? Kinda lame, adding more bodies for a kill count doesn't make it great. It had a moment like Halloween Kills, group of people killed by 1 guy.
#Netflix",0,0
"As long as men massacre animals, they will kill each other. Indeed, he who sows the seeds of... - Pythagoras #vegan https://t.co/kRHvWJroZo",2,0
"@THarrisonJ @KyivIndependent Usa goes in to cause mass destruction and massacre foreigners in their homelands. Russia cannot conduct combat like that here. They dont want to kill ethnic ukrainians, just capture the country.",0,1
"For as long as men massacre animals, they will kill each other. Indeed, he who sows the seed of murder and pain cannot reap joy and love.”

―  Pythagoras
#quotes",5,0
"THIS IS A MASSACRE THE MILITARY AND POLICE THOSE WHO ENJOY TO KILL AMERICANS AND EUROPEANS WHIT THE DRUGS
AND WHO HAVE SAID THAT THEY WANT TO CUT THE HEAD AND ARMS AND LEGS OF THE @JoeBiden
THEYR ATTACKING ME FROM THE SATELITE AND THEY ARE INSIDE OF THE FCO GARCIA GRANADOS 109",0,0
"@hagopian_harout @Southfive i can, hocali massacre, and how about armenians that got support from the russians to kill turks, but after they get their asses kicked cry about genocide",0,0
"But FR If #Euphoria was gonna kill Fez they woulda done it last episode and captured the shock. 

The Red Wedding wouldn’t have hit the same if the episode ended with them pulling the blades. And the massacre happening next week.",0,0
Many people bashing Former President Ferdinand E. Marcos of thief and killing people and they said Cory Aquino/Ninoy is the greatest president. Remember that Cory/Ninoy Aquino kill the farmers in hacienda luisita massacre. NoHate. PleaseRespect.,0,0
"@UnreliableNarr6 Ensign Mukai's last will and testament

I swear by Heaven, Earth, and Life that I will not kill any of the prisoners of war. I will not accept any responsibility for the Nanjing Massacre. I believe that death is my destiny, and as a Japan",0,0
Who do I have to main massacre and kill to get good udon,0,0
"@KatTimpf Kat you can be a public voice for immediate stand-down of resistance and capitulation by the U Gov. Despite their courage. Further futile fighting will destroy, displace and kill. There’s no winning, just courting massacre. Let it cool and Put",0,0
"@BanzhafSimon @Delafina777 If there were Jews who participated in the crucifixion of Jesus, it was out of fear that Pilate would order a massacre if the people got too unruly.  That might not be the right choice morally, but it’s very human, unlike the ",8,0
that first kill in texas chain saw massacre was insane,1,0
"@RadAstria The point was to kill as many innocent people as possible, that is above all  genocide, and that is a massacre of epic proportions that we wish upon no one.",0,1
@bitcoinaz @wimgrommen @SamRamani2 You are dismissing the minorities in Ukraine they tried to kill then. Did we all forget what happened in the protests? The Ukrainians you're protecting were the ones who burned counter protestors alive in the Odessa Mass,0,1
"War is a massacre that takes place between people who do not know each other for the sake of others who know each other and do not kill each other, and the people are the victims.  Paul Valerie 
stop the war

 #Ukraine",0,0
"Biggest massacre during the 🇽🇰 war was committed against Catholic 🇦🇱 in the village of Meja. So every time a Serb wants to make it look like 🇽🇰 was a religious war they cant erase the fact serbian forces wanted to kill every Albanian, no matter what their religious beliefs. https://t.co/AWrZd0NuVh",80,1
"@ChristopherJM @sentdefender @Maxar What the hell are the Russians doing???  Bomb the lead and rear to block them in, then strafe the kill zone all day long.  Would be a massacre.  This is not rocket science.",1,0
@OyegunleKolawo1 @renoomokri You'll just open mouth waaaaahhhh.... The attack in Niger State today nr be massacre?? https://t.co/3uCVpkEQ4A,1,1
The new Texas Chainsaw Massacre movie isn’t the best but that bus kill scene is top tier 👌👌,0,0
"@madlimit7777 @nearoshi @BrainsCryp @trader1sz you are talking shit, there are a lot of reasons, some like stopping the massacre that had been going on for 8 years in the donbass where the azof regiments kill kinnape children and rape women.  do you suppo",0,0
"Today, whoever supports #Russia because of #Ukrain supported America. The massacre Against #Iraq 🇮🇶.

Must learn about humanity, because today there was a lot of innocent people killed with no reason maybe they are not satisfied to kill innocent Iraqi at that time.",1,0
"If you didn't support the massacre of Syrians, Iraqis, Libyans and what have you by NATO, you should not support the massacre of Ukrainians by Russia.

There are no winners in war — it's humanity that suffers the repercussions. You cannot kill others to equalize another killing.",17,0
@15248156291 @mik_gli @SpokespersonCHN So theCCP can kill its so - called “compatriots” whatever it wants. It means u can start another culture revolution. Or another massacre like 1989 ? I think the starving caused by the CCP in 1958 is called “ It,2,0
The Texas chainsaw massacre movie is so dumb how it takes so many Mfs  to kill one guy with a chainsaw not to mention they shot his ass multiple times with the shotgun and he still running like usain bolt,3,0
"Crazy world when the innocent people of Tigray were killed and raped by Ethiopian, Eritrean and Somali troops, by UAE, Chinese, Turkish and Iranian war drones thousands of people were bombed and badly injured.#TigrayGenocide https://t.co/d6Rw5977dC",0,1
Yoooo these people who care about a virus that killed millions of people around the world now also care about a war that already has tremendous humanitarian costs and could spiral into something even worse...aren’t they STUPID?!?! https://t.co/ezbiQu7nZP,1,0
@Amy_Siskind How is that different from any other war where soldiers are forced to fight? The US has killed numerous women and children for no reason.,0,1
War with Russia imminent as crazy Joe get us all killed over Ukraine border with Mexico Open Border to criminals. Awaken now before it is too late. Go https://t.co/D6OHnaX5KN #TrumpSupporter #PresidentTrump #DonaldTrumpJr #BidenBorderCrisis #BidenIsALaughingstock #Trump https://t.co/I2uchAc2ru,0,1
"Russia-Ukraine war latest news: ‘dozens of people killed in rocket strikes’; talks under way on Belarus border – live https://t.co/JWid4Js7kV Ukraine in UK out, a win for the EU.👏👏👏👏",0,1
#Putin killed dozens of civilians by shelling civilian areas with his grad MLRS systems. This is a war crime! #WarCriminalPutin https://t.co/Or2M8GDMm5,0,1
@coastiecoasting @Coley_A_P @Mujeebtalks @IAPonomarenko @ZelenskyyUa So did Russians killed underground politics of Poland during war. Hopefully they will come back safely.,0,1
"@Twitter @verified why are you not suspending/blocking Russia President Twitter account as he is involved and promoting violence and war on Humanity. Thousands are killed in #Ukraine Stop War
#UkraineRussiaWar 
#RussiaUkraineConflict 
#RussiaUkraineWar 
#",0,0
@coco_coindreau @IgorKossov So hopefully those who bombed Belgrade will be held responsible too. How about drone strikes that kill civilian are they considered war crime? Just when US was running away its drone strikes killed 10 people. How many of them w,0,0
